<airports>
<list>
  <airport>
    <airportCode>LNK</airportCode>
    <airportName>Lincoln Municipal</airportName>
    <address>
      <street>2400 W Adams St</street>
      <city>Lincoln</city>
      <state>NE</state>
      <zip>68524</zip>
      <country>USA</country>
    </address>
    <lattitudeDegrees>40</lattitudeDegrees>
    <longitudeDegrees>96</longitudeDegrees>
    <longitudeMinutes>40</longitudeMinutes>
    <lattitudeMinutes>50</lattitudeMinutes>
    <passengerFee>0.0</passengerFee>
  </airport>
  <airport>
    <airportCode>ORD</airportCode>
    <airportName>Chicago O&apos;Hare International</airportName>
    <address>
      <street>10000 W O&apos;Hare Ave</street>
      <city>Chicago</city>
      <state>IL</state>
      <zip>60666</zip>
      <country>IL</country>
    </address>
    <lattitudeDegrees>41</lattitudeDegrees>
    <longitudeDegrees>87</longitudeDegrees>
    <longitudeMinutes>37</longitudeMinutes>
    <lattitudeMinutes>50</lattitudeMinutes>
    <passengerFee>4.5</passengerFee>
  </airport>
  <airport>
    <airportCode>MDW</airportCode>
    <airportName>Chicago Midway International</airportName>
    <address>
      <street>5700 S Cicero Ave</street>
      <city>Chicago</city>
      <state>IL</state>
      <zip>60638</zip>
      <country>USA</country>
    </address>
    <lattitudeDegrees>41</lattitudeDegrees>
    <longitudeDegrees>87</longitudeDegrees>
    <longitudeMinutes>37</longitudeMinutes>
    <lattitudeMinutes>50</lattitudeMinutes>
    <passengerFee>4.5</passengerFee>
  </airport>
  <airport>
    <airportCode>JFK</airportCode>
    <airportName>John F. Kennedy International</airportName>
    <address>
      <street>JFK Expy &amp; S Cargo Rd</street>
      <city>Jamaica</city>
      <state>NY</state>
      <zip>11430</zip>
      <country>USA</country>
    </address>
    <lattitudeDegrees>40</lattitudeDegrees>
    <longitudeDegrees>73</longitudeDegrees>
    <longitudeMinutes>58</longitudeMinutes>
    <lattitudeMinutes>47</lattitudeMinutes>
    <passengerFee>4.5</passengerFee>
  </airport>
  <airport>
    <airportCode>PHX</airportCode>
    <airportName>Phoenix Sky Harbor International</airportName>
    <address>
      <street>3400 E Sky Harbor Blvd</street>
      <city>Phoenix</city>
      <state>AZ</state>
      <zip>85034</zip>
      <country>USA</country>
    </address>
    <lattitudeDegrees>33</lattitudeDegrees>
    <longitudeDegrees>112</longitudeDegrees>
    <longitudeMinutes>4</longitudeMinutes>
    <lattitudeMinutes>29</lattitudeMinutes>
    <passengerFee>4.5</passengerFee>
  </airport>
  <airport>
    <airportCode>LAX</airportCode>
    <airportName>Los Angeles International Airport</airportName>
    <address>
      <street>1 World Way</street>
      <city>Los Angeles</city>
      <state>CA</state>
      <zip>90045</zip>
      <country>USA</country>
    </address>
    <lattitudeDegrees>34</lattitudeDegrees>
    <longitudeDegrees>118</longitudeDegrees>
    <longitudeMinutes>15</longitudeMinutes>
    <lattitudeMinutes>3</lattitudeMinutes>
    <passengerFee>4.5</passengerFee>
  </airport>
  <airport>
    <airportCode>SJC</airportCode>
    <airportName>San Jose International Airport</airportName>
    <address>
      <street>1701 Airport Blvd</street>
      <city>San Jose</city>
      <state>CA</state>
      <zip>95110</zip>
      <country>USA</country>
    </address>
    <lattitudeDegrees>37</lattitudeDegrees>
    <longitudeDegrees>121</longitudeDegrees>
    <longitudeMinutes>53</longitudeMinutes>
    <lattitudeMinutes>20</lattitudeMinutes>
    <passengerFee>4.5</passengerFee>
  </airport>
  <airport>
    <airportCode>ATL</airportCode>
    <airportName>Hartsfield Jackson Atlanta International Airport</airportName>
    <address>
      <street>6000 N Terminal Pkwy</street>
      <city>Atlanta</city>
      <state>GA</state>
      <zip>30320</zip>
      <country>USA</country>
    </address>
    <lattitudeDegrees>33</lattitudeDegrees>
    <longitudeDegrees>84</longitudeDegrees>
    <longitudeMinutes>23</longitudeMinutes>
    <lattitudeMinutes>45</lattitudeMinutes>
    <passengerFee>4.5</passengerFee>
  </airport>
  <airport>
    <airportCode>DEN</airportCode>
    <airportName>Denver International Airport</airportName>
    <address>
      <street>8500 Pea Blvd</street>
      <city>Denver</city>
      <state>CO</state>
      <zip>80249</zip>
      <country>USA</country>
    </address>
    <lattitudeDegrees>39</lattitudeDegrees>
    <longitudeDegrees>105</longitudeDegrees>
    <longitudeMinutes>0</longitudeMinutes>
    <lattitudeMinutes>45</lattitudeMinutes>
    <passengerFee>4.5</passengerFee>
  </airport>
  <airport>
    <airportCode>MSP</airportCode>
    <airportName>Minneapolis Saint Paul International Airport</airportName>
    <address>
      <street>4300 Glumack Drive</street>
      <city>St. Paul</city>
      <state>MN</state>
      <zip>55111</zip>
      <country>USA</country>
    </address>
    <lattitudeDegrees>44</lattitudeDegrees>
    <longitudeDegrees>93</longitudeDegrees>
    <longitudeMinutes>14</longitudeMinutes>
    <lattitudeMinutes>59</lattitudeMinutes>
    <passengerFee>4.5</passengerFee>
  </airport>
</list></airports>
