<invoices>
<list>
  <invoice>
    <invoiceCode>INV001</invoiceCode>
    <customer>
      <customerCode>C001</customerCode>
      <customerType>C</customerType>
      <primaryContact>
        <personCode>231</personCode>
        <firstName>Tom</firstName>
        <lastName>Baker</lastName>
        <address>
          <street>1 Blue Jays Way</street>
          <city>Toronto</city>
          <state>ON</state>
          <zip>M5V 1J1</zip>
          <country>Canada</country>
        </address>
        <phoneNumber>210-124-3210</phoneNumber>
        <emails>
          <string>famousdoc@who.com</string>
          <string>tbaker@cse.unl.edu</string>
          <string>mostfamous@whovian.com</string>
          <string>thedoctor@bbc.com</string>
        </emails>
      </primaryContact>
      <customerName>Cinco Consultants</customerName>
      <airlineMiles>0</airlineMiles>
    </customer>
    <salespersonCode>nwdoc1</salespersonCode>
    <saleDate class="sql-date">2015-08-03</saleDate>
    <ticketCodes>
      <string>1255</string>
    </ticketCodes>
    <flightDates>
      <sql-date>2015-09-13</sql-date>
    </flightDates>
    <ticketHolder>
      <com.airamerica.invoices.TicketHolder>
        <seatNum>
          <string>12A</string>
          <string>12B</string>
        </seatNum>
        <person>
          <string>ma12</string>
          <string>321f</string>
        </person>
        <id>
          <string>FA1234</string>
          <string>FP6521</string>
        </id>
        <age>
          <int>23</int>
          <int>26</int>
        </age>
        <nationality>
          <string>USA</string>
          <string>USA</string>
        </nationality>
      </com.airamerica.invoices.TicketHolder>
    </ticketHolder>
    <services>
      <com.airamerica.invoices.TicketService>
        <serviceCode>90fa</serviceCode>
        <units>3</units>
      </com.airamerica.invoices.TicketService>
      <com.airamerica.invoices.TicketService>
        <serviceCode>fh23</serviceCode>
        <units>2</units>
      </com.airamerica.invoices.TicketService>
    </services>
    <comments>
      <string>Operated by Skywest</string>
    </comments>
  </invoice>
  <invoice>
    <invoiceCode>INV002</invoiceCode>
    <customer>
      <customerCode>C002</customerCode>
      <customerType>G</customerType>
      <primaryContact>
        <personCode>944c</personCode>
        <firstName>Starlin</firstName>
        <lastName>Castro</lastName>
        <address>
          <street>1060 West Addison Street</street>
          <city>Chicago</city>
          <state>IL</state>
          <zip>60613</zip>
          <country>USA</country>
        </address>
        <phoneNumber>142-241-6024</phoneNumber>
        <emails>
          <string>scastro@cubs.com</string>
          <string>starlin_castro13@gmail.com</string>
        </emails>
      </primaryContact>
      <customerName>Stark Associates</customerName>
      <airlineMiles>12500</airlineMiles>
    </customer>
    <salespersonCode>online</salespersonCode>
    <saleDate class="sql-date">2015-01-10</saleDate>
    <ticketCodes>
      <string>1240</string>
      <string>1241</string>
    </ticketCodes>
    <flightDates>
      <sql-date>2015-09-12</sql-date>
      <sql-date>2015-09-22</sql-date>
    </flightDates>
    <ticketHolder>
      <com.airamerica.invoices.TicketHolder>
        <seatNum>
          <string>32C</string>
          <string>17G</string>
        </seatNum>
        <person>
          <string>321na</string>
          <string>55bb</string>
        </person>
        <id>
          <string>FS12345</string>
          <string>NB3111</string>
        </id>
        <age>
          <int>43</int>
          <int>72</int>
        </age>
        <nationality>
          <string>Mexico</string>
          <string>Bolivia</string>
        </nationality>
      </com.airamerica.invoices.TicketHolder>
      <com.airamerica.invoices.TicketHolder>
        <seatNum>
          <string>12C</string>
        </seatNum>
        <person>
          <string>321na</string>
        </person>
        <id>
          <string>FS12345</string>
        </id>
        <age>
          <int>43</int>
        </age>
        <nationality>
          <string>Mexico</string>
        </nationality>
      </com.airamerica.invoices.TicketHolder>
    </ticketHolder>
    <services>
      <com.airamerica.invoices.TicketService>
        <serviceCode>32f4</serviceCode>
        <units>3</units>
      </com.airamerica.invoices.TicketService>
      <com.airamerica.invoices.TicketService>
        <serviceCode>xer4</serviceCode>
        <units>0</units>
        <personCode>321na</personCode>
      </com.airamerica.invoices.TicketService>
    </services>
    <comments>
      <string>None</string>
      <string>None</string>
    </comments>
  </invoice>
  <invoice>
    <invoiceCode>INV003</invoiceCode>
    <customer>
      <customerCode>C004</customerCode>
      <customerType>C</customerType>
      <primaryContact>
        <personCode>321f</personCode>
        <firstName>Bud</firstName>
        <lastName>Fox</lastName>
        <address>
          <street>321 Bronx Street</street>
          <city>New York</city>
          <state>NY</state>
          <zip>10004</zip>
          <country>USA</country>
        </address>
        <phoneNumber></phoneNumber>
        <emails>
          <string>bfox@gmail.com</string>
          <string>csheen@crazy.net</string>
        </emails>
      </primaryContact>
      <customerName>Mr Steve Odelay</customerName>
      <airlineMiles>4170000</airlineMiles>
    </customer>
    <salespersonCode>2ndbestd</salespersonCode>
    <saleDate class="sql-date">2015-09-10</saleDate>
    <ticketCodes>
      <string>1240</string>
    </ticketCodes>
    <flightDates>
      <sql-date>2015-12-17</sql-date>
    </flightDates>
    <ticketHolder>
      <com.airamerica.invoices.TicketHolder>
        <seatNum>
          <string>32C</string>
          <string>17G</string>
        </seatNum>
        <person>
          <string>321na</string>
          <string>55bb</string>
        </person>
        <id>
          <string>FS12345</string>
          <string>NB3111</string>
        </id>
        <age>
          <int>43</int>
          <int>72</int>
        </age>
        <nationality>
          <string>Mexico</string>
          <string>Bolivia</string>
        </nationality>
      </com.airamerica.invoices.TicketHolder>
    </ticketHolder>
    <services>
      <com.airamerica.invoices.TicketService>
        <serviceCode>xer1</serviceCode>
        <units>0</units>
        <personCode>55bb</personCode>
      </com.airamerica.invoices.TicketService>
      <com.airamerica.invoices.TicketService>
        <serviceCode>31f4</serviceCode>
        <units>1</units>
      </com.airamerica.invoices.TicketService>
    </services>
    <comments>
      <string>CareNeeded</string>
    </comments>
  </invoice>
  <invoice>
    <invoiceCode>INV004</invoiceCode>
    <customer>
      <customerCode>C003</customerCode>
      <customerType>V</customerType>
      <primaryContact>
        <personCode>306a</personCode>
        <firstName>Brock</firstName>
        <lastName>Sampson</lastName>
        <address>
          <street>123 N 1st Street</street>
          <city>Omaha</city>
          <state>NE</state>
          <zip>68116</zip>
          <country>USA</country>
        </address>
        <phoneNumber>402-241-6024</phoneNumber>
        <emails>
          <string>brock_f_sampson@gmail.com</string>
          <string>bsampson@venture.com</string>
        </emails>
      </primaryContact>
      <customerName>United States Postal Service</customerName>
      <airlineMiles>36000</airlineMiles>
    </customer>
    <salespersonCode>6doc</salespersonCode>
    <saleDate class="sql-date">2015-10-16</saleDate>
    <ticketCodes>
      <string>1260</string>
      <string>1262</string>
    </ticketCodes>
    <flightDates>
      <sql-date>2016-01-08</sql-date>
      <sql-date>2016-03-28</sql-date>
    </flightDates>
    <ticketHolder>
      <com.airamerica.invoices.TicketHolder>
        <seatNum>
          <string>32F</string>
          <string>21A</string>
          <string>32D</string>
        </seatNum>
        <person>
          <string>55bb</string>
          <string>2342</string>
          <string>231</string>
        </person>
        <id>
          <string>AB3111</string>
          <string>AB1222</string>
          <string>PP988877</string>
        </id>
        <age>
          <int>34</int>
          <int>31</int>
          <int>12</int>
        </age>
        <nationality>
          <string>Korea</string>
          <string>Korea</string>
          <string>Korea</string>
        </nationality>
      </com.airamerica.invoices.TicketHolder>
      <com.airamerica.invoices.TicketHolder>
        <seatNum>
          <string>10B</string>
          <string>10C</string>
        </seatNum>
        <person>
          <string>231</string>
          <string>2342</string>
        </person>
        <id>
          <string>PP988877</string>
          <string>AB1222</string>
        </id>
        <age>
          <int>12</int>
          <int>31</int>
        </age>
        <nationality>
          <string>Korea</string>
          <string>Korea</string>
        </nationality>
      </com.airamerica.invoices.TicketHolder>
    </ticketHolder>
    <services>
      <com.airamerica.invoices.TicketService>
        <serviceCode>fg23</serviceCode>
        <units>3</units>
      </com.airamerica.invoices.TicketService>
      <com.airamerica.invoices.TicketService>
        <serviceCode>90fc</serviceCode>
        <units>2</units>
      </com.airamerica.invoices.TicketService>
      <com.airamerica.invoices.TicketService>
        <serviceCode>fg23</serviceCode>
        <units>2</units>
      </com.airamerica.invoices.TicketService>
    </services>
    <comments>
      <string>Operated by Southwest</string>
      <string>None</string>
    </comments>
  </invoice>
</list></invoices>
