<persons>
<list>
  <person>
    <personCode>944c</personCode>
    <firstName>Starlin</firstName>
    <lastName>Castro</lastName>
    <address>
      <street>1060 West Addison Street</street>
      <city>Chicago</city>
      <state>IL</state>
      <zip>60613</zip>
      <country>USA</country>
    </address>
    <phoneNumber>142-241-6024</phoneNumber>
    <emails>
      <string>scastro@cubs.com</string>
      <string>starlin_castro13@gmail.com</string>
    </emails>
  </person>
  <person>
    <personCode>306a</personCode>
    <firstName>Brock</firstName>
    <lastName>Sampson</lastName>
    <address>
      <street>123 N 1st Street</street>
      <city>Omaha</city>
      <state>NE</state>
      <zip>68116</zip>
      <country>USA</country>
    </address>
    <phoneNumber>402-241-6024</phoneNumber>
    <emails>
      <string>brock_f_sampson@gmail.com</string>
      <string>bsampson@venture.com</string>
    </emails>
  </person>
  <person>
    <personCode>55bb</personCode>
    <firstName>Miles</firstName>
    <lastName>O&apos;Brien</lastName>
    <address>
      <street>8753 West 3rd Ave.</street>
      <city>Dallas</city>
      <state>TX</state>
      <zip>75001</zip>
      <country>USA</country>
    </address>
    <phoneNumber>402-251-2114</phoneNumber>
    <emails>
      <string>obrien@ds9.com</string>
      <string>obrien@enterprise.gov</string>
    </emails>
  </person>
  <person>
    <personCode>2342</personCode>
    <firstName>Miles</firstName>
    <lastName>O&apos;Brien</lastName>
    <address>
      <street>123 Friendly Street</street>
      <city>Ottawa</city>
      <state>ON</state>
      <zip>K1A 0G9</zip>
      <country>Canada</country>
    </address>
    <phoneNumber>212-241-6024</phoneNumber>
    <emails/>
  </person>
  <person>
    <personCode>aef1</personCode>
    <firstName>Gordon</firstName>
    <lastName>Gekko</lastName>
    <address>
      <street>1 Wall Street</street>
      <city>New York</city>
      <state>NY</state>
      <zip>10005-0012</zip>
      <country>USA</country>
    </address>
    <phoneNumber>122-141-1032</phoneNumber>
    <emails/>
  </person>
  <person>
    <personCode>321f</personCode>
    <firstName>Bud</firstName>
    <lastName>Fox</lastName>
    <address>
      <street>321 Bronx Street</street>
      <city>New York</city>
      <state>NY</state>
      <zip>10004</zip>
      <country>USA</country>
    </address>
    <phoneNumber></phoneNumber>
    <emails>
      <string>bfox@gmail.com</string>
      <string>csheen@crazy.net</string>
    </emails>
  </person>
  <person>
    <personCode>ma12</personCode>
    <firstName>Dale</firstName>
    <lastName>Sveum</lastName>
    <address>
      <street>1060 West Addison Street</street>
      <city>Chicago</city>
      <state>IL</state>
      <zip>60613</zip>
      <country>USA</country>
    </address>
    <phoneNumber>541-354-3210</phoneNumber>
    <emails>
      <string>sveum@cubs.com</string>
    </emails>
  </person>
  <person>
    <personCode>321nd</personCode>
    <firstName>William</firstName>
    <lastName>Hartnell</lastName>
    <address>
      <street>1060 West Addison Street</street>
      <city>Chicago</city>
      <state>IL</state>
      <zip>60613</zip>
      <country>USA</country>
    </address>
    <phoneNumber>323-541-3210</phoneNumber>
    <emails>
      <string>whartnell@doctors.com</string>
      <string>dr@who.com</string>
    </emails>
  </person>
  <person>
    <personCode>nf32a</personCode>
    <firstName>Patrick</firstName>
    <lastName>Troughton</lastName>
    <address>
      <street>1060 West Addison Street</street>
      <city>Chicago</city>
      <state>IL</state>
      <zip>60613</zip>
      <country>USA</country>
    </address>
    <phoneNumber></phoneNumber>
    <emails>
      <string>ptroug@cse.unl.edu</string>
      <string>ptrou32@unl.edu</string>
    </emails>
  </person>
  <person>
    <personCode>321na</personCode>
    <firstName>Jon</firstName>
    <lastName>Pertwee</lastName>
    <address>
      <street>301 Front St W</street>
      <city>Toronto</city>
      <state>ON</state>
      <zip>M5V 2T6</zip>
      <country>Canada</country>
    </address>
    <phoneNumber>323-541-3210</phoneNumber>
    <emails>
      <string>jpet@whofan.com</string>
    </emails>
  </person>
  <person>
    <personCode>231</personCode>
    <firstName>Tom</firstName>
    <lastName>Baker</lastName>
    <address>
      <street>1 Blue Jays Way</street>
      <city>Toronto</city>
      <state>ON</state>
      <zip>M5V 1J1</zip>
      <country>Canada</country>
    </address>
    <phoneNumber>210-124-3210</phoneNumber>
    <emails>
      <string>famousdoc@who.com</string>
      <string>tbaker@cse.unl.edu</string>
      <string>mostfamous@whovian.com</string>
      <string>thedoctor@bbc.com</string>
    </emails>
  </person>
  <person>
    <personCode>6doc</personCode>
    <firstName>Richard</firstName>
    <lastName>Hurndall</lastName>
    <address>
      <street>Campos El290</street>
      <city>Mexico City</city>
      <state>FD</state>
      <zip></zip>
      <country>Mexico</country>
    </address>
    <phoneNumber>124-366-3210</phoneNumber>
    <emails>
      <string>rhurndall@cse.unl.edu</string>
      <string>richard@unl.edu</string>
    </emails>
  </person>
  <person>
    <personCode>321dr</personCode>
    <firstName>C.</firstName>
    <lastName>Baker</lastName>
    <address>
      <street>Avery Hall</street>
      <city>Lincoln</city>
      <state>NE</state>
      <zip>68503</zip>
      <country>USA</country>
    </address>
    <phoneNumber>122-141-1032</phoneNumber>
    <emails>
      <string>321-274-3210</string>
    </emails>
  </person>
  <person>
    <personCode>1svndr</personCode>
    <firstName>Sylvester</firstName>
    <lastName>McCoy</lastName>
    <address>
      <street>126-01 Roosevelt Ave</street>
      <city>Flushing</city>
      <state>NY</state>
      <zip>11368</zip>
      <country>USA</country>
    </address>
    <phoneNumber></phoneNumber>
    <emails>
      <string>slyguy@hotmail.com</string>
      <string>mccoy@whofan.com</string>
    </emails>
  </person>
  <person>
    <personCode>123lst</personCode>
    <firstName>Paul</firstName>
    <lastName>McGann</lastName>
    <address>
      <street>1 MetLife Stadium Dr</street>
      <city>East Rutherford</city>
      <state>NJ</state>
      <zip>07073</zip>
      <country>USA</country>
    </address>
    <phoneNumber>102-147-3522</phoneNumber>
    <emails>
      <string>pmcgann@mlb.com</string>
      <string>foo@bar.com</string>
      <string>pmc@unl.edu</string>
    </emails>
  </person>
  <person>
    <personCode>nwdoc1</personCode>
    <firstName>Chris</firstName>
    <lastName>Eccleston</lastName>
    <address>
      <street>1 E 161st St</street>
      <city>Bronx</city>
      <state>NY</state>
      <zip>10451</zip>
      <country>USA</country>
    </address>
    <phoneNumber>210-124-3210</phoneNumber>
    <emails>
      <string>newguy@whovian.com</string>
    </emails>
  </person>
  <person>
    <personCode>2ndbestd</personCode>
    <firstName>David</firstName>
    <lastName>Tennant</lastName>
    <address>
      <street>700 E Grand Ave</street>
      <city>Chicago</city>
      <state>IL</state>
      <zip>60611</zip>
      <country>USA</country>
    </address>
    <phoneNumber>320-141-3142</phoneNumber>
    <emails>
      <string>actor@shakespeare.com</string>
      <string>tdavid@unl.edu</string>
    </emails>
  </person>
  <person>
    <personCode>wrddoc</personCode>
    <firstName>Matt</firstName>
    <lastName>Smith</lastName>
    <address>
      <street>333 W 35th St</street>
      <city>Chicago</city>
      <state>IL</state>
      <zip>60616</zip>
      <country>USA</country>
    </address>
    <phoneNumber>141-325-1032</phoneNumber>
    <emails>
      <string>msmith@who.com</string>
      <string>thedoc@cse.unl.edu</string>
    </emails>
  </person>
  <person>
    <personCode>bbchar</personCode>
    <firstName>Kaylee</firstName>
    <lastName>Ehrmantraut</lastName>
    <address>
      <street>800 West 7th Street</street>
      <city>Albuquerque</city>
      <state>NM</state>
      <zip>87105</zip>
      <country>USA</country>
    </address>
    <phoneNumber>587-417-1032</phoneNumber>
    <emails/>
  </person>
  <person>
    <personCode>doc05</personCode>
    <firstName>Peter</firstName>
    <lastName>Davison</lastName>
    <address>
      <street>123 Cabo San Lucas</street>
      <city>Los Cabos</city>
      <state>BCS</state>
      <zip></zip>
      <country>Mexico</country>
    </address>
    <phoneNumber>122-141-1032</phoneNumber>
    <emails/>
  </person>
</list></persons>
