<customers>
<customer>
  <customerCode>C001</customerCode>
  <customerType>C</customerType>
  <primaryContact>
    <personCode>231</personCode>
    <firstName>Tom</firstName>
    <lastName>Baker</lastName>
    <address>
      <street>1 Blue Jays Way</street>
      <city>Toronto</city>
      <state>ON</state>
      <zip>M5V 1J1</zip>
      <country>Canada</country>
    </address>
    <phoneNumber>210-124-3210</phoneNumber>
    <emails>
      <string>famousdoc@who.com</string>
      <string>tbaker@cse.unl.edu</string>
      <string>mostfamous@whovian.com</string>
      <string>thedoctor@bbc.com</string>
    </emails>
  </primaryContact>
  <customerName>Cinco Consultants</customerName>
  <airlineMiles>0</airlineMiles>
</customer>
<customer>
  <customerCode>C002</customerCode>
  <customerType>G</customerType>
  <primaryContact>
    <personCode>944c</personCode>
    <firstName>Starlin</firstName>
    <lastName>Castro</lastName>
    <address>
      <street>1060 West Addison Street</street>
      <city>Chicago</city>
      <state>IL</state>
      <zip>60613</zip>
      <country>USA</country>
    </address>
    <phoneNumber>142-241-6024</phoneNumber>
    <emails>
      <string>scastro@cubs.com</string>
      <string>starlin_castro13@gmail.com</string>
    </emails>
  </primaryContact>
  <customerName>Stark Associates</customerName>
  <airlineMiles>12500</airlineMiles>
</customer>
<customer>
  <customerCode>C003</customerCode>
  <customerType>V</customerType>
  <primaryContact>
    <personCode>306a</personCode>
    <firstName>Brock</firstName>
    <lastName>Sampson</lastName>
    <address>
      <street>123 N 1st Street</street>
      <city>Omaha</city>
      <state>NE</state>
      <zip>68116</zip>
      <country>USA</country>
    </address>
    <phoneNumber>402-241-6024</phoneNumber>
    <emails>
      <string>brock_f_sampson@gmail.com</string>
      <string>bsampson@venture.com</string>
    </emails>
  </primaryContact>
  <customerName>United States Postal Service</customerName>
  <airlineMiles>36000</airlineMiles>
</customer>
<customer>
  <customerCode>C004</customerCode>
  <customerType>C</customerType>
  <primaryContact>
    <personCode>321f</personCode>
    <firstName>Bud</firstName>
    <lastName>Fox</lastName>
    <address>
      <street>321 Bronx Street</street>
      <city>New York</city>
      <state>NY</state>
      <zip>10004</zip>
      <country>USA</country>
    </address>
    <phoneNumber></phoneNumber>
    <emails>
      <string>bfox@gmail.com</string>
      <string>csheen@crazy.net</string>
    </emails>
  </primaryContact>
  <customerName>Mr Steve Odelay</customerName>
  <airlineMiles>4170000</airlineMiles>
</customer>
<customer>
  <customerCode>C005</customerCode>
  <customerType>G</customerType>
  <primaryContact>
    <personCode>bbchar</personCode>
    <firstName>Kaylee</firstName>
    <lastName>Ehrmantraut</lastName>
    <address>
      <street>800 West 7th Street</street>
      <city>Albuquerque</city>
      <state>NM</state>
      <zip>87105</zip>
      <country>USA</country>
    </address>
    <phoneNumber>587-417-1032</phoneNumber>
    <emails/>
  </primaryContact>
  <customerName>Vandelay Industries</customerName>
  <airlineMiles>0</airlineMiles>
</customer>
<customer>
  <customerCode>C006</customerCode>
  <customerType>V</customerType>
  <primaryContact>
    <personCode>321dr</personCode>
    <firstName>C.</firstName>
    <lastName>Baker</lastName>
    <address>
      <street>Avery Hall</street>
      <city>Lincoln</city>
      <state>NE</state>
      <zip>68503</zip>
      <country>USA</country>
    </address>
    <phoneNumber>122-141-1032</phoneNumber>
    <emails>
      <string>321-274-3210</string>
    </emails>
  </primaryContact>
  <customerName>University of Nebaska-Lincoln</customerName>
  <airlineMiles>6857441</airlineMiles>
</customer>
<customer>
  <customerCode>C007</customerCode>
  <customerType>C</customerType>
  <primaryContact>
    <personCode>6doc</personCode>
    <firstName>Richard</firstName>
    <lastName>Hurndall</lastName>
    <address>
      <street>Campos El290</street>
      <city>Mexico City</city>
      <state>FD</state>
      <zip></zip>
      <country>Mexico</country>
    </address>
    <phoneNumber>124-366-3210</phoneNumber>
    <emails>
      <string>rhurndall@cse.unl.edu</string>
      <string>richard@unl.edu</string>
    </emails>
  </primaryContact>
  <customerName>Venture Club</customerName>
  <airlineMiles>0</airlineMiles>
</customer>
<customer>
  <customerCode>C008</customerCode>
  <customerType>G</customerType>
  <primaryContact>
    <personCode>ma12</personCode>
    <firstName>Dale</firstName>
    <lastName>Sveum</lastName>
    <address>
      <street>1060 West Addison Street</street>
      <city>Chicago</city>
      <state>IL</state>
      <zip>60613</zip>
      <country>USA</country>
    </address>
    <phoneNumber>541-354-3210</phoneNumber>
    <emails>
      <string>sveum@cubs.com</string>
    </emails>
  </primaryContact>
  <customerName>Mr Gregory Smith</customerName>
  <airlineMiles>101111</airlineMiles>
</customer>
</customers>
